"fit","n","slope","std_error","p_value"
"Unweighted",900,7.58926612105865,0.0430224972595766,0
"Treated weighted",900,7.41518640075218,0.0421674347131208,0
"Control weighted",900,7.75090608805897,0.0529415195753054,0
