"fit","n","slope","std_error","p_value"
"Unweighted",900,5.10145481268771,0.0915953575457933,1.50178897077707e-293
"Treated weighted",900,5.76007907531692,0.0944288813469979,1.30433330502089e-321
"Control weighted",900,4.34600870534886,0.107030577683121,1.77607163201266e-205
