"fit","n","slope","std_error","p_value"
"Unweighted",900,0.0897305659185971,0.114957597432452,0.435270793934018
"Treated weighted",900,0.110271496698855,0.120761402372796,0.361416485665969
"Control weighted",900,0.0719818535987005,0.133961677976279,0.591171642433392
