"fit","n","slope","std_error","p_value"
"Unweighted",900,1.06104299928079,0.0781918084317403,2.72641626652411e-38
"Treated weighted",900,1.90772357706041,0.0806081965907334,1.29285676981831e-96
"Control weighted",900,0.299132438391822,0.0880325981722289,0.00070871696755703
