"fit","n","slope","std_error","p_value"
"Complier weighted",900,6.54120307660269,0.167758288554989,2.21620592347435e-195
"Treated-complier weighted",900,9.08687698712412,0.168858810227175,3.13173635333562e-283
"Control-complier weighted",900,4.30440178806109,0.173703098131469,1.03466740121637e-103
