"fit","n","slope","std_error","p_value"
"Complier weighted",900,5.05998026432624,0.0948478291181513,1.18889807097767e-280
"Treated-complier weighted",900,4.57898211637791,0.0824318691457693,9.44082441723857e-293
"Control-complier weighted",900,5.55285329955418,0.122642408677317,5.10469189536404e-234
