"fit","n","slope","std_error","p_value"
"Complier weighted",900,3.37834345453277,0.134799835393997,1.62019532120863e-105
"Treated-complier weighted",900,3.32362454166206,0.146400591544653,1.57205122487146e-90
"Control-complier weighted",900,3.43158154504633,0.148261564745372,2.5573782094571e-93
