"fit","n","slope","std_error","p_value"
"Complier weighted",900,2.66019157384863,0.0972459175237143,2.52852599166793e-120
"Treated-complier weighted",900,3.28617067015946,0.106907430575129,2.42937292559254e-142
"Control-complier weighted",900,2.0088760345868,0.102566073664395,2.10607990829712e-71
